id,Geographic_Area_Name,Year,Share_of_Male_Aged_15_24,Foreign_Born ,Male_Householder_No_Spouse_Partner_Present,predicted_ratio_it,ineq,violent_crime,robbery,aggravated_assault,property_crime,burglary,larceny,motor_vehicle_theft,total_crime
1,Alabama,2012,14.7,3.4,4,0.498351076,0.480769231,21693,5020,15035,168878,47481,111523,9874,379504
2,Alaska,2012,15.9,7.2,5.4,1.969871063,1.882716049,4412,630,3169,20037,2950,15565,1522,48285
3,Arizona,2012,14.6,13.4,5.4,0.771268491,0.73015873,28077,7383,18054,231701,52911,159808,18982,516916
4,Arkansas,2012,14.3,4.4,4.4,0.412043456,0.393188854,13851,2310,10134,109389,32673,70982,5734,245073
5,California,2012,15.4,27.1,6,1.379890341,1.26146789,160944,56521,94702,1049465,245767,635090,168608,2411097
6,Colorado,2012,14,9.8,4.6,1.151973244,1.173913043,15951,3392,10285,139355,26163,101091,12101,308338
7,Connecticut,2012,14.3,13.8,4.7,1.755524313,1.710526316,10183,3709,5424,77169,14787,55904,6478,173654
8,Delaware,2012,14.5,8.5,4.8,1.235639492,1.223350254,5048,1498,3245,30707,7389,21880,1438,71205
9,District of Columbia,2012,15.5,14.3,3.5,1.427768208,1.586666667,7866,4037,3505,30757,3519,23575,3663,76922
10,Florida,2012,13.6,19.4,4.5,0.655010286,0.63099631,94087,23889,63929,632988,153563,442095,37330,1447881
11,Georgia,2012,15.1,9.5,4.7,0.725924586,0.691176471,37675,12502,22447,339473,86992,223875,28606,751570
12,Hawaii,2012,14.2,18.1,5.3,1.694951444,1.640449438,3378,1125,1953,43419,7653,31901,3865,93294
13,Idaho,2012,14.3,6.1,4.2,0.514191534,0.562992126,3348,243,2580,31825,7240,23203,1382,69821
14,Illinois,2012,14.5,13.9,4.6,1.073548493,1.039473684,53556,19480,29725,332706,71100,235314,26292,768173
15,Indiana,2012,15,4.6,4.6,0.60769471,0.628458498,22544,6601,13975,197994,47689,136668,13637,439108
16,Iowa,2012,14.7,4.5,4.1,0.704034484,0.753246753,8167,962,6255,70357,17201,49116,4040,156098
17,Kansas,2012,15.1,6.5,4.5,0.759687555,0.798283262,10292,1493,7609,91066,18874,65413,6779,201526
18,Kentucky,2012,14.2,3.1,4.8,0.441389212,0.459807074,9852,3547,4792,112800,29877,76199,6724,243791
19,Louisiana,2012,14.8,3.7,5.3,0.576823839,0.546623794,22839,5458,15737,162673,42037,112764,7872,369380
20,Maine,2012,12.9,3.5,4.2,0.618678098,0.604651163,1626,420,808,33398,7476,24931,991,69650
21,Maryland,2012,14.4,14.3,4.9,2.271367553,2.103658537,28086,10173,16303,162309,33803,113550,14956,379180
22,Massachusetts,2012,14.7,15,4.1,1.523628575,1.511961722,27047,6555,18721,143325,34635,99453,9237,338973
23,Michigan,2012,14.8,6.1,4.4,0.638999347,0.651685393,44962,10423,29203,249249,65560,158609,25080,583086
24,Minnesota,2012,13.6,7.2,4.3,1.141244579,1.229591837,12419,3475,7207,138152,25378,104316,8458,299405
25,Mississippi,2012,15.8,2,5.2,0.349382705,0.345505618,7769,2277,4460,83933,28084,51520,4329,182372
26,Missouri,2012,14.4,3.8,4.3,0.616614358,0.586080586,27189,5782,19490,199813,42510,140971,16332,452087
27,Montana,2012,14,1.8,4.7,0.524674344,0.554744526,2803,202,2180,26102,3920,20484,1698,57389
28,Nebraska,2012,14.4,6.4,4.3,0.724032184,0.784140969,4802,1128,2912,51203,8745,38301,4157,111248
29,Nevada,2012,13.4,19.2,6.5,0.913109128,0.767241379,16763,4918,10790,77510,22120,45372,10018,187491
30,New Hampshire,2012,13.8,5.4,4.2,1.649714173,1.568181818,2841,471,1869,32074,5988,25024,1062,69329
31,New Jersey,2012,13.8,21.2,4.8,2.027127166,1.888268156,25727,11385,12919,181481,42338,122662,16481,412993
32,New Mexico,2012,14.5,9.2,5.7,0.571542889,0.54,11660,1847,8740,75094,21384,48247,5463,172435
33,New York,2012,14.8,22.6,5.1,1.160977241,1.095833333,79535,28633,47382,375268,64389,293562,17317,906086
34,North Carolina,2012,14.6,7.7,4.6,0.577082992,0.586956522,34464,9392,22609,328594,99323,213151,16120,723653
35,North Dakota,2012,17,2.8,4.1,0.697584544,0.995283019,1723,127,1292,14297,2429,10687,1181,31736
36,Ohio,2012,14.2,3.9,4.5,0.62923819,0.62962963,34827,15396,15140,370435,105312,245372,19751,806233
37,Oklahoma,2012,14.6,5.6,5.1,0.516443422,0.539285714,18102,3248,13012,130969,36094,83131,11744,296300
38,Oregon,2012,13.6,9.6,4.6,0.716127568,0.725490196,9638,2419,5969,126417,22051,94114,10252,270860
39,Pennsylvania,2012,14.4,6,4.3,0.828192375,0.838842975,45384,15735,25571,276562,57040,204409,15113,639814
40,Rhode Island,2012,16,13.3,4.6,0.952350103,0.987654321,2657,715,1614,27039,5929,18478,2632,59064
41,South Carolina,2012,14.9,4.7,4.8,0.496710628,0.5221843,26474,4511,19919,181049,45222,122340,13487,413002
42,South Dakota,2012,14.5,2.7,4.3,0.621745581,0.669527897,2701,157,1921,17326,3280,12973,1073,39431
43,Tennessee,2012,14.2,4.5,4.5,0.507299552,0.513793103,41213,8151,30615,217925,56231,148731,12963,515829
44,Texas,2012,15.2,16.4,5.2,0.852416397,0.873469388,106475,30385,67227,876459,205002,606425,65032,1957005
45,Utah,2012,16.2,8.4,4.2,1.080911256,1.116402116,5939,1105,3807,86284,13095,67157,6032,183419
46,Vermont,2012,14.9,4.1,3.9,0.759751153,0.877828054,891,114,638,15653,4179,11014,460,32949
47,Virginia,2012,14.4,11.6,4.2,1.617866301,1.484536082,15676,4718,9131,178434,29651,139654,9129,386393
48,Washington,2012,14,13.3,4.4,1.179633995,1.206896552,20553,5801,12285,254377,61376,166338,26663,547393
49,West Virginia,2012,13.4,1.4,4.3,0.348782057,0.368902439,5943,835,4623,44500,11466,30800,2234,100401
50,Wisconsin,2012,14,4.8,4.4,0.758452542,0.787878788,16254,4692,10165,140780,27931,104619,8230,312671
51,Wyoming,2012,14.2,3.4,4.6,1.007962553,0.976415094,1161,61,932,13222,2125,10513,584,28598
52,Puerto Rico,2012,15.9,0,0,0.069362393,0.057142857,,,,,,,,
1,Alabama,2013,14.7,3.4,4.4,0.536327668,0.523333333,20834,4645,13788,161835,42410,108862,10563,362937
2,Alaska,2013,16.3,6.9,5.7,2.11572247,2.321678322,4709,623,3127,21211,2917,16599,1695,50881
3,Arizona,2013,14.6,13.5,5.4,0.831022277,0.75,27576,6656,17391,223294,48292,158036,16966,498211
4,Arkansas,2013,14.2,4.5,4.7,0.443483855,0.426282051,13705,2261,9796,106477,30369,70430,5678,238716
5,California,2013,15.1,26.9,6,1.485492547,1.358490566,154739,53640,89029,1018907,232058,621557,165292,2335222
6,Colorado,2013,14,9.5,4.4,1.239414281,1.304568528,16099,3136,9826,139974,25075,102375,12524,309009
7,Connecticut,2013,14.4,13.9,4.3,1.892202266,1.755319149,9439,3551,4906,71274,12934,52099,6241,160444
8,Delaware,2013,14.1,8.3,4.3,1.331255659,1.269430052,4633,1233,2960,29001,6299,21347,1355,66828
9,District of Columbia,2013,15,14.4,4.3,1.540479597,1.572687225,8415,4082,3835,31097,3316,24547,3234,78526
10,Florida,2013,13.5,19.4,4.7,0.705280986,0.670454545,91993,23200,61054,607170,138915,433344,34911,1390587
11,Georgia,2013,15.1,9.7,5,0.781779088,0.727272727,37519,12704,21361,339808,83459,229190,27159,751200
12,Hawaii,2013,14.1,17.6,5.1,1.82263253,1.843023256,3585,934,2111,45266,7777,32928,4561,97162
13,Idaho,2013,14.8,5.9,4.7,0.553550364,0.597510373,3471,220,2548,30230,6693,21999,1538,66699
14,Illinois,2013,14.4,14,4.6,1.155944298,1.107623318,51956,17733,28161,296048,59093,216059,20896,689946
15,Indiana,2013,14.7,4.8,4.6,0.654643712,0.652173913,23627,7114,13915,187472,42754,130534,14184,419600
16,Iowa,2013,14.7,4.8,4.3,0.757010185,0.868181818,8443,937,6332,67976,15918,47803,4255,151664
17,Kansas,2013,15.1,6.8,4.3,0.817815442,0.859649123,9928,1339,7177,85704,17476,61557,6671,189852
18,Kentucky,2013,14.2,3.4,5.1,0.47488428,0.510067114,9280,3247,4215,104448,26331,72048,6069,225638
19,Louisiana,2013,14.8,3.9,5.3,0.62079585,0.6,24127,5539,16331,165679,41214,115300,9165,377355
20,Maine,2013,13,3.4,4.3,0.666513411,0.62835249,1761,335,907,30454,6480,23063,911,63911
21,Maryland,2013,14.2,14.2,4.7,2.447487588,2.20754717,28235,10048,16124,157918,31950,112551,13417,370243
22,Massachusetts,2013,14.6,15.6,4.3,1.640981625,1.608910891,27264,6705,18118,137274,30716,97437,9121,326635
23,Michigan,2013,14.9,6.2,4.7,0.68769724,0.7109375,44757,10093,27254,230135,56256,149794,24085,542374
24,Minnesota,2013,13.7,7.4,4.1,1.228522402,1.321243523,12710,3674,6908,131193,22713,100514,7966,285678
25,Mississippi,2013,15.6,2.1,4.9,0.37616701,0.363372093,8303,2413,4649,81548,24969,52192,4387,178461
26,Missouri,2013,14.2,3.9,4.3,0.663344785,0.653846154,26216,5486,18056,189655,38797,134514,16344,429068
27,Montana,2013,14,1.9,4.7,0.564525061,0.620817844,2924,217,2217,26195,4122,20192,1881,57748
28,Nebraska,2013,14.4,6.6,4.2,0.779243289,0.856502242,4949,1035,3011,49197,8945,35791,4461,107389
29,Nevada,2013,13.5,19,5.6,0.982410694,0.853982301,16888,5183,10060,79177,23047,46132,9998,190485
30,New Hampshire,2013,13.9,5.7,4.4,1.778192883,1.597701149,2952,645,1708,30409,5283,24188,938,66123
31,New Jersey,2013,13.6,21.6,5,2.185300475,1.901098901,25748,12084,12071,167634,35883,118005,13746,385171
32,New Mexico,2013,14.8,10.1,5.2,0.615930598,0.551495017,12990,1832,9470,78958,21828,51146,5984,182208
33,New York,2013,14.5,22.3,5,1.249930309,1.175213675,77563,27241,46130,358603,56444,286676,15483,868140
34,North Carolina,2013,14.9,7.6,4.5,0.621077353,0.641791045,33587,9275,21325,305631,90182,201043,14406,675449
35,North Dakota,2013,17.3,2.9,4.3,0.751193098,1.052380952,1979,161,1447,15356,2979,10942,1435,34299
36,Ohio,2013,14.2,4.1,4.7,0.676758544,0.713178295,33722,14483,14370,338414,91090,227799,19525,739403
37,Oklahoma,2013,14.8,5.7,5,0.555472537,0.609022556,17187,3023,11652,126418,33512,81624,11282,284698
38,Oregon,2013,13.5,10,4.4,0.770722493,0.790983607,9536,2394,5596,125083,20808,94363,9912,267692
39,Pennsylvania,2013,14.1,6.2,4.2,0.891411221,0.911016949,42825,14739,23680,263176,52000,197410,13766,607596
40,Rhode Island,2013,15.6,12.9,5.2,1.025277072,1.064655172,2710,683,1547,25741,5621,17881,2239,56422
41,South Carolina,2013,14.8,4.8,4.5,0.534726944,0.559859155,24263,3965,17760,173261,40930,119730,12601,392510
42,South Dakota,2013,14.5,2.9,4.6,0.669258163,0.723214286,2733,156,2052,16274,3383,11955,936,37489
43,Tennessee,2013,14.2,4.7,4.7,0.545919729,0.564285714,38063,7333,27895,207683,51334,144443,11906,488657
44,Texas,2013,15.2,16.5,5.1,0.917303251,0.957805907,108757,31810,65351,862289,191062,605440,65787,1930496
45,Utah,2013,16.4,8.2,4.3,1.162323014,1.279329609,6644,1247,3824,88334,13727,67115,7492,188383
46,Vermont,2013,14.7,4.3,3.8,0.819095968,0.870689655,775,75,554,13882,3352,10193,337,29168
47,Virginia,2013,14.6,11.5,4.3,1.741739682,1.607526882,16355,4574,9111,171558,26717,136215,8626,373156
48,Washington,2013,13.9,13.5,4.7,1.270530491,1.259803922,20223,5829,11623,259139,58487,172227,28425,555953
49,West Virginia,2013,13.6,1.4,5,0.375112487,0.427672956,5657,653,4242,39929,9908,28055,1966,90410
50,Wisconsin,2013,14,4.8,4.4,0.816682991,0.837004405,16118,4834,9285,125694,24358,93946,7390,281625
51,Wyoming,2013,14.2,3.1,4.6,1.082681327,1.182741117,1212,74,917,12809,1956,10275,578,27821
52,Puerto Rico,2013,15.7,0,0,0.074759421,0.068333333,,,,,,,,
1,Alabama,2014,14.6,3.2,4.2,0.575091827,0.539735099,20727,4702,13744,154087,39723,104223,10141,347347
2,Alaska,2014,16.4,7.4,5.9,2.269654102,2.306122449,4684,629,3243,20334,3150,15445,1739,49224
3,Arizona,2014,14.6,13.7,5.5,0.890064999,0.814814815,26422,6225,16614,213406,43412,152683,17311,476073
4,Arkansas,2014,14.5,4.7,4.7,0.474950305,0.465116279,14248,2037,10220,99452,24816,69001,5635,225409
5,California,2014,14.8,27.1,6.1,1.591109112,1.477832512,153763,48681,91804,947193,202669,592673,151851,2188634
6,Colorado,2014,14,10,4.9,1.326428176,1.483695652,16487,3037,10211,135789,23502,99688,12599,301313
7,Connecticut,2014,14.6,13.7,4.8,2.02749057,1.883977901,8575,3172,4520,69326,12017,51195,6114,154919
8,Delaware,2014,14,8.6,5.2,1.425325694,1.39893617,4568,1271,2857,27915,5765,20885,1265,64526
9,District of Columbia,2014,14.4,14,3.4,1.652302639,1.602620087,8199,3497,4125,34147,3466,26898,3783,84115
10,Florida,2014,13.2,20,4.8,0.755306725,0.733333333,91345,21621,61610,583774,121379,426197,36198,1342124
11,Georgia,2014,15.1,9.9,4.8,0.837353331,0.788235294,38955,12786,22415,339146,78029,233359,27758,752448
12,Hawaii,2014,14,17.6,5.8,1.95486853,1.920731707,3362,952,1842,46022,7470,33003,5549,98200
13,Idaho,2014,14.6,6,4.7,0.592630948,0.681818182,3439,203,2559,30440,6466,22297,1677,67081
14,Illinois,2014,14.2,13.9,4.8,1.238582894,1.178899083,47775,15271,27485,269647,50759,201003,17885,629825
15,Indiana,2014,14.8,4.8,4.8,0.700685214,0.734177215,24105,6894,14681,174909,36909,124144,13856,395498
16,Iowa,2014,14.6,4.9,4.4,0.811212465,0.917808219,8484,1047,6227,65100,14363,46594,4143,145958
17,Kansas,2014,15.1,7,4.6,0.875973832,0.931818182,10235,1361,7299,80029,15921,57169,6939,178953
18,Kentucky,2014,14.3,3.7,4.6,0.509284146,0.52,9495,3343,4432,99909,23426,70108,6375,217088
19,Louisiana,2014,14.7,4.2,5.4,0.665129605,0.63973064,23983,5725,16400,161192,38541,113251,9400,368492
20,Maine,2014,12.6,3.7,4.7,0.713135638,0.726907631,1698,304,889,26427,5035,20591,801,55745
21,Maryland,2014,13.9,14.9,4.9,2.622779253,2.375,26767,9565,15208,150390,28134,109140,13116,352320
22,Massachusetts,2014,14.7,15.7,4.2,1.757655273,1.728643216,26689,6077,18277,125481,24951,92226,8304,302005
23,Michigan,2014,14.8,6.4,4.8,0.736288599,0.788617886,42555,8037,27610,202692,44328,137142,21222,483586
24,Minnesota,2014,13.4,7.8,4.2,1.315631335,1.446236559,12505,3687,6729,125377,20773,96237,8367,273675
25,Mississippi,2014,15.1,2.2,5.1,0.402496002,0.417177914,8331,2405,4585,86887,23898,58515,4474,189095
26,Missouri,2014,14.2,3.7,4.4,0.710432855,0.71314741,26882,5592,18483,176436,35293,124769,16374,403829
27,Montana,2014,14,2.3,4.3,0.604716129,0.66536965,3361,202,2563,25525,3639,19826,2060,57176
28,Nebraska,2014,14.5,6.7,4.1,0.834560788,0.934883721,5201,1044,3226,47526,7936,35063,4527,104523
29,Nevada,2014,13.3,19.4,6.6,1.053981451,0.843049327,18043,5954,10562,74574,21924,42466,10184,183707
30,New Hampshire,2014,14.1,6,4.7,1.901267621,1.9,2625,544,1469,26098,4191,21051,856,56834
31,New Jersey,2014,13.7,21.9,4.8,2.340835875,2.062857143,23319,10499,11188,154945,31707,111534,11704,354896
32,New Mexico,2014,14.9,9.9,5.5,0.660259346,0.572390572,12465,2086,8797,73877,18505,49082,6290,171102
33,New York,2014,14.3,22.6,5,1.340042396,1.220779221,75972,24036,45295,339113,50738,272624,15751,823529
34,North Carolina,2014,14.6,7.7,4.5,0.6654624,0.683206107,32718,8411,21377,285498,79266,192609,13623,633502
35,North Dakota,2014,17,3.3,4.6,0.803212374,1.251282051,2001,175,1421,15857,2751,11559,1547,35311
36,Ohio,2014,14,4.2,4.7,0.725262198,0.751968504,33130,12780,14658,322517,79466,224942,18109,705602
37,Oklahoma,2014,14.8,5.8,5,0.594834432,0.671814672,16052,3073,10937,117445,29963,76719,10763,264952
38,Oregon,2014,13.4,9.9,4.7,0.825548839,0.855932203,10294,2270,6320,123142,18690,94177,10275,265168
39,Pennsylvania,2014,13.9,6.4,4.5,0.955047833,0.973913043,40298,13545,22304,246982,45718,188211,13053,570111
40,Rhode Island,2014,15.2,13.4,4.9,1.099797631,1.072033898,2320,530,1398,22982,4830,16317,1835,50212
41,South Carolina,2014,14.7,4.7,4.6,0.572933023,0.59566787,24038,4018,17513,168281,37163,118173,12945,382131
42,South Dakota,2014,14.5,2.9,4.3,0.717025507,0.779735683,2801,199,2101,16036,2817,12209,1010,37173
43,Tennessee,2014,14,4.9,4.6,0.585449337,0.578947368,39989,7268,29757,200911,46798,141464,12649,478836
44,Texas,2014,15,16.8,5.1,0.982999125,1.012875536,109711,31021,65862,813515,168085,577018,68412,1833624
45,Utah,2014,16.2,8.5,4.1,1.244808764,1.405882353,6464,1313,3538,85473,11656,66487,7330,182261
46,Vermont,2014,14.8,4.1,4.5,0.877318764,0.945205479,643,72,444,9721,2092,7375,254,20601
47,Virginia,2014,14.3,12.1,4.3,1.867116869,1.67027027,16522,4294,9462,161934,23210,131001,7723,354146
48,Washington,2014,13.8,13.4,4.5,1.359867469,1.42408377,20185,5641,11586,261257,55381,175317,30559,559926
49,West Virginia,2014,13.4,1.4,4.5,0.402289263,0.423076923,5850,655,4517,38282,9368,26954,1960,87586
50,Wisconsin,2014,13.9,4.9,4.9,0.87429254,0.935185185,16763,5101,9826,120535,21375,89255,9905,272760
51,Wyoming,2014,14.3,3.8,5.2,1.161702552,1.160194175,1142,53,899,11477,1689,9185,603,25048
52,Puerto Rico,2014,15.8,0,0,0.080213383,0.068219634,,,,,,,,
1,Alabama,2015,14.3,3.5,4.2,0.632516168,0.591065292,22957,4612,15960,144785,35265,99182,10338,333099
2,Alaska,2015,16.4,7.9,6,2.499445903,2.446043165,5391,761,3671,20806,3511,15249,2046,51435
3,Arizona,2015,14.3,13.4,5.6,0.97883163,0.896551724,27968,6360,18193,207184,38010,152388,16786,466889
4,Arkansas,2015,14.2,4.8,4.4,0.522630342,0.5,15769,2117,11455,97391,22851,68720,5820,224123
5,California,2015,14.6,27.3,6,1.749698226,1.634020619,166883,52862,99349,1024914,197404,656517,170993,2368922
6,Colorado,2015,14,9.8,4.5,1.457742826,1.693641618,17348,3315,10532,144044,23490,104532,16022,319283
7,Connecticut,2015,14.6,14.5,4.3,2.231178154,2.017045455,7938,2925,4099,65610,10286,48898,6426,146182
8,Delaware,2015,13.8,9.3,4.6,1.56990901,1.438888889,4760,1240,3097,25545,4797,19555,1193,60187
9,District of Columbia,2015,14.2,14.1,3.8,1.813562888,1.9408867,8538,3746,4136,31444,2971,25208,3265,79308
10,Florida,2015,12.9,20.2,4.8,0.830623094,0.807377049,93625,21137,63895,570270,109268,420341,40661,1319197
11,Georgia,2015,14.9,10,4.6,0.920376168,0.893004115,38891,12545,22467,316013,68149,220715,27149,705929
12,Hawaii,2015,13.7,17.7,5.6,2.146533945,2.267973856,4201,1085,1878,45389,6810,33140,5439,97942
13,Idaho,2015,14.1,5.7,3.9,0.652416805,0.715447154,3593,191,2667,28912,6124,20916,1872,64275
14,Illinois,2015,14.1,14.2,4.5,1.362048253,1.301435407,49755,15056,29019,256962,46846,192424,17692,607754
15,Indiana,2015,14.8,4.9,4.7,0.770405698,0.820960699,25373,7081,15536,171878,34404,123940,13534,391746
16,Iowa,2015,14.8,4.8,4.3,0.892877812,0.962085308,8619,1050,6291,64688,14977,45328,4383,145336
17,Kansas,2015,15.4,7.1,4.5,0.962987033,1.046948357,11483,1823,7850,80059,15619,57435,7005,181274
18,Kentucky,2015,14.1,3.6,5,0.559728515,0.587188612,9887,3314,4710,97545,22526,67143,7876,213001
19,Louisiana,2015,14.5,4,4.9,0.732500465,0.658783784,25202,5561,17416,157708,35457,112520,9731,363595
20,Maine,2015,12.8,3.4,4.6,0.784675787,0.777777778,1726,311,931,24361,4694,18853,814,51690
21,Maryland,2015,13.8,15.2,5,2.886753134,2.55862069,28185,10111,15819,142547,26432,102701,13414,339209
22,Massachusetts,2015,14.5,16.1,4.1,1.93403561,1.878306878,26453,5266,18974,114547,21826,84676,8045,279787
23,Michigan,2015,14.5,6.6,4.7,0.809853389,0.861344538,41712,7818,26599,191191,40375,132019,18797,458511
24,Minnesota,2015,13.4,8.3,4.4,1.4471902,1.581920904,13319,3771,7094,121984,19299,94704,7981,268152
25,Mississippi,2015,15.2,2.4,5.1,0.443307387,0.428134557,8190,2312,4467,85785,25068,56446,4271,186539
26,Missouri,2015,14.3,4,4.3,0.780780256,0.815899582,30292,6383,20833,173788,34029,122749,17010,405084
27,Montana,2015,14.2,2.1,3.8,0.66508669,0.730923695,3647,210,2827,27276,3887,20966,2423,61236
28,Nebraska,2015,14.6,6.8,3.9,0.91735724,1.057142857,5167,994,3226,42597,6443,32148,4006,94581
29,Nevada,2015,12.9,19.3,6.1,1.15839302,0.962441315,20118,6287,11965,77137,22360,43426,11351,192644
30,New Hampshire,2015,14,6,4,2.090889378,2.070063694,2692,475,1558,23453,3482,19076,895,51631
31,New Jersey,2015,13.5,22.1,4.9,2.579249969,2.091428571,22879,9729,11414,145701,27960,105963,11778,335424
32,New Mexico,2015,14.4,9.4,5.8,0.726450782,0.617241379,13672,2485,9407,77212,17084,51485,8643,179988
33,New York,2015,14.1,22.9,5,1.473987719,1.331838565,75126,23879,44493,317225,44117,257837,15271,777948
34,North Carolina,2015,14.8,7.9,4.4,0.731876899,0.751968504,34734,8821,22805,275915,74760,187732,13423,618190
35,North Dakota,2015,16.3,3.8,4.3,0.882952475,1.393782383,1949,159,1378,17716,3296,12686,1734,38918
36,Ohio,2015,13.9,4.3,4.6,0.79712319,0.853556485,34373,12617,15793,303743,69994,216354,17395,670269
37,Oklahoma,2015,14.7,6,5.3,0.654455092,0.724409449,16746,3018,11535,114055,28783,74678,10594,259409
38,Oregon,2015,13.1,9.9,4.4,0.906664747,1.013574661,10680,2163,6757,119752,18541,90514,10697,259104
39,Pennsylvania,2015,13.9,6.5,4.6,1.050032635,1.086757991,40348,12965,22419,231941,39573,180236,12132,539614
40,Rhode Island,2015,14.8,13.5,4.5,1.209885938,1.161572052,2565,547,1520,20038,3938,14714,1386,44708
41,South Carolina,2015,14.7,4.8,4.4,0.629932778,0.661596958,24448,3950,17652,162830,34942,114778,13110,371710
42,South Dakota,2015,14.5,3.2,4.2,0.788354516,0.871559633,3302,215,2554,16739,2969,12576,1194,39549
43,Tennessee,2015,14.1,5,4.7,0.642838488,0.689655172,40816,7499,30098,196047,43753,139259,13035,470507
44,Texas,2015,15,17,5.2,1.080369632,1.152777778,113193,31924,67629,779234,153067,558653,67514,1771214
45,Utah,2015,16.4,8.2,4.3,1.36764022,1.643312102,7138,1329,4048,89797,12606,68464,8727,192109
46,Vermont,2015,15,4.5,3.4,0.964071984,1.08490566,747,105,482,9064,2034,6834,196,19462
47,Virginia,2015,14.3,12.2,4.4,2.054731998,1.796610169,16705,4459,9357,157803,21542,128064,8197,346127
48,Washington,2015,13.6,13.7,4.5,1.494005113,1.662857143,20505,5450,12059,249474,51114,171393,26967,536962
49,West Virginia,2015,13.2,1.6,4.9,0.442335787,0.475083056,6397,783,4819,38694,9467,26984,2243,89387
50,Wisconsin,2015,14,4.8,4.5,0.961098344,1.053921569,17549,5234,10270,114171,19602,83572,10997,261395
51,Wyoming,2015,13.9,3.8,5.2,1.276572164,1.340425532,1300,59,1054,11151,1762,8797,592,24715
52,Puerto Rico,2015,15.2,0,0,0.088467527,0.065897858,,,,,,,,
1,Alabama,2016,14.2,3.4,4.4,0.69063142,0.645390071,25878,4687,18869,143259,34045,97498,11716,335952
2,Alaska,2016,15.3,7.7,5.8,2.7266873,2.8,5966,850,4011,24876,4053,17766,3057,60579
3,Arizona,2016,14.3,13.5,5.5,1.067937625,1.018181818,32542,7045,21804,207317,38216,150618,18483,476025
4,Arkansas,2016,14.4,4.6,4.1,0.570161396,0.572953737,16563,2125,12007,98092,23814,67091,7187,226879
5,California,2016,14.3,27.2,6,1.909524666,1.821621622,174796,54789,104375,1002070,188304,637010,176756,2338100
6,Colorado,2016,13.9,9.8,4.7,1.593135096,1.760233918,19030,3525,11681,152146,23825,108680,19641,338528
7,Connecticut,2016,14.8,14.4,4.4,2.43674214,2.212121212,8169,2711,4588,64875,10107,47642,7126,145218
8,Delaware,2016,13.2,9.4,4,1.715408588,1.5,4859,1359,3131,26370,5028,19812,1530,62089
9,District of Columbia,2016,13.6,13.3,3.3,1.987820884,1.763157895,8236,3500,4067,32377,2361,27089,2927,80557
10,Florida,2016,12.7,20.6,4.8,0.906505006,0.9004329,88700,20175,59816,553812,100325,410352,43135,1276315
11,Georgia,2016,14.8,10.1,4.7,1.004211776,1.008733624,40268,12114,24091,307305,62715,218127,26463,691083
12,Hawaii,2016,13.2,18.4,5.7,2.346004304,2.329032258,3452,985,1831,42353,5983,30871,5499,90974
13,Idaho,2016,14.4,5.8,4.5,0.711119046,0.857777778,3876,213,2895,29357,6318,20962,2077,65698
14,Illinois,2016,14,13.9,4.6,1.487988366,1.378640777,56054,17829,32161,263256,48193,195196,19867,632556
15,Indiana,2016,14.8,5.3,4.8,0.840957929,0.909502262,26516,7291,16345,168460,33567,120454,14439,387072
16,Iowa,2016,14.5,5.1,4,0.973942169,1.109452736,9170,1150,6669,65888,15306,45580,5002,148765
17,Kansas,2016,15.3,7.1,4.5,1.052372193,1.086956522,11665,1757,8158,82293,14759,60119,7415,186166
18,Kentucky,2016,14.3,3.5,4.9,0.61114618,0.648550725,10452,3371,5068,97713,20932,66833,9948,214317
19,Louisiana,2016,14.1,4.1,5,0.801236886,0.656565657,26477,5575,18528,154511,34689,109492,10330,359602
20,Maine,2016,12.4,3.8,4.6,0.855294286,0.933920705,1649,268,948,21908,4001,17131,776,46681
21,Maryland,2016,13.5,15.3,5.1,3.154721143,2.643835616,29019,10815,15841,139716,24832,100995,13889,335107
22,Massachusetts,2016,14.5,16.5,4.5,2.110274882,2.124293785,25975,5365,18334,106430,19204,79155,8071,262534
23,Michigan,2016,14.4,6.7,4.6,0.88389738,0.960869565,45782,7123,30779,190249,39738,130249,20262,464182
24,Minnesota,2016,13.4,8.2,4.4,1.57985054,1.736842105,13365,3730,7185,117723,18582,90421,8720,259726
25,Mississippi,2016,15.2,2,4.3,0.48366687,0.493630573,8411,2433,4459,82521,23489,54725,4307,180345
26,Missouri,2016,14.1,4.1,4.6,0.852155208,0.907079646,31720,6576,22049,170661,31716,120649,18296,401667
27,Montana,2016,13.9,2.1,4,0.725545451,0.831168831,3886,268,2983,28156,3966,21427,2763,63449
28,Nebraska,2016,14.3,7,3.9,1.001082368,1.187817259,5661,946,3558,43197,6459,32009,4729,96559
29,Nevada,2016,12.7,20,6.1,1.264216917,1.077669903,19924,6338,11629,75922,18816,43949,13157,189735
30,New Hampshire,2016,13.8,5.7,4.4,2.283539296,2.319148936,2668,431,1609,20323,2989,16454,880,45354
31,New Jersey,2016,13.5,22.5,4.8,2.815738574,2.305389222,21861,8940,11089,138012,25229,101459,11324,317914
32,New Mexico,2016,14.4,9.5,5.4,0.793661288,0.64893617,14585,2737,10182,81930,17280,52907,11743,191364
33,New York,2016,13.9,23,5.1,1.609277953,1.457943925,74315,22310,45095,305224,39850,250990,14384,752168
34,North Carolina,2016,14.3,7.8,4.3,0.798680203,0.842323651,37767,9336,24906,277765,72082,190377,15306,627539
35,North Dakota,2016,15.2,3.2,3.8,0.966226682,1.359375,1905,181,1352,17451,3248,12249,1954,38340
36,Ohio,2016,13.9,4.4,4.8,0.870636055,0.91416309,35759,12574,16748,300945,67081,214102,19762,666971
37,Oklahoma,2016,14.6,5.8,5.2,0.714961063,0.767068273,17855,3174,12334,118010,29376,76358,12276,269383
38,Oregon,2016,13,9.6,4.5,0.987917115,1.232673267,10983,2307,6776,121716,16919,91507,13290,263498
39,Pennsylvania,2016,13.6,6.8,4.6,1.146496981,1.183962264,40389,12314,22942,222394,35178,174147,13069,520433
40,Rhode Island,2016,15,14.1,4.4,1.320906258,1.271493213,2529,541,1514,18910,3650,14157,1103,42404
41,South Carolina,2016,14,4.8,4.5,0.686848359,0.782258065,25137,4071,18217,161534,33149,114455,13930,370493
42,South Dakota,2016,14.3,3.6,4.3,0.860491587,0.966019417,3636,274,2808,17207,3002,12705,1500,41132
43,Tennessee,2016,13.8,4.8,4.5,0.702023624,0.742063492,42459,7829,31332,191199,40607,135353,15239,464018
44,Texas,2016,14.9,17,5.2,1.179943026,1.23923445,121064,33298,72842,769892,148796,552106,68990,1766988
45,Utah,2016,16.4,8.3,4.5,1.491778296,1.897959184,7406,1528,4244,90561,12938,68261,9362,194300
46,Vermont,2016,14.6,4.5,4.4,1.053236428,1.146226415,851,78,589,9705,1884,7637,184,20928
47,Virginia,2016,14.3,12.3,4.4,2.244551293,1.913294798,18495,4826,10357,157292,20159,127285,9848,348262
48,Washington,2016,13.2,14,4.5,1.63008762,1.874251497,22101,5649,13124,254994,49249,173423,32322,550862
49,West Virginia,2016,13.1,1.7,4.6,0.482708271,0.544520548,6633,720,5144,37282,9127,25657,2498,87061
50,Wisconsin,2016,13.9,5,4.5,1.049356864,1.15,17716,4707,10772,111911,19498,82455,9958,257017
51,Wyoming,2016,13.2,3.2,4.9,1.397191694,1.280612245,1431,59,1146,11460,1771,8889,800,25556
52,Puerto Rico,2016,15.1,0,0,0.096543301,0.072413793,,,,,,,,
1,Alabama,2017,14,3.5,4.2,0.751698959,0.721611722,25469,4233,18816,143774,31270,99707,12797,336066
2,Alaska,2017,14.7,7.9,6,2.979665728,2.510638298,6338,952,4250,26203,4167,17782,4254,63946
3,Arizona,2017,14.1,13.2,5.4,1.161400628,1.183574879,35647,7440,24163,204999,37722,148251,19026,477248
4,Arkansas,2017,14.2,4.7,4.7,0.620650053,0.634686347,16996,1998,12609,94419,22369,64795,7255,220441
5,California,2017,14,26.9,5.9,2.077401132,2.075144509,178597,56625,105418,987063,176679,642019,168365,2314766
6,Colorado,2017,13.6,9.8,4.7,1.731850996,2.103225806,20901,3868,12790,152032,22618,107470,21944,341623
7,Connecticut,2017,14.4,14.8,4.5,2.655242824,2.371794872,8190,2813,4422,63646,8906,47418,7322,142717
8,Delaware,2017,12.8,10.2,4.6,1.870472036,1.497382199,4377,1082,2893,23430,3960,18108,1362,55212
9,District of Columbia,2017,12.9,14.7,3.5,2.161104251,2.067961165,6976,2625,3791,29736,1809,25340,2587,72864
10,Florida,2017,12.5,20.9,4.9,0.986539774,1.009009009,85606,18597,58016,527125,88835,395375,42915,1216469
11,Georgia,2017,14.6,10.2,4.7,1.092382274,1.153488372,37118,9844,23947,297651,55363,216252,26036,666211
12,Hawaii,2017,13,18.6,6.2,2.556884566,2.434210526,3577,1077,1894,40392,5549,29574,5269,87332
13,Idaho,2017,14.5,5.9,4.3,0.773707392,0.966019417,4111,222,3092,28557,5837,20570,2150,64539
14,Illinois,2017,13.8,14.3,4.6,1.619977671,1.512690355,55777,17731,31639,255108,43355,190860,20893,615363
15,Indiana,2017,14.5,5.3,4.9,0.915405752,1.009302326,26307,7035,16247,158932,29799,114395,14738,367453
16,Iowa,2017,14.8,5.3,4.1,1.059997865,1.238341969,9038,1269,6366,65652,14711,45441,5500,147977
17,Kansas,2017,14.9,6.9,4.4,1.145689374,1.192893401,11654,1633,8383,79387,13102,58891,7394,180444
18,Kentucky,2017,14,3.8,4.7,0.664993179,0.735849057,10292,2967,5243,95899,20535,65006,10358,210300
19,Louisiana,2017,14.4,4.1,5,0.873092319,0.689419795,25986,5385,18175,157272,34135,112042,11095,364090
20,Maine,2017,12.4,3.4,4,0.930676967,1.051401869,1610,249,868,20142,3337,16012,793,43011
21,Maryland,2017,13.4,15.3,4.7,3.435171928,2.913043478,30321,11189,16862,134705,23526,97657,13522,327782
22,Massachusetts,2017,14.4,16.9,4.3,2.298907438,2.251428571,24318,4874,17073,97977,16916,73573,7488,242219
23,Michigan,2017,14.2,7.1,4.8,0.961578568,1.093457944,44883,6508,30696,179839,35833,124410,19596,441765
24,Minnesota,2017,13.2,8.7,4.1,1.718470343,2.012738854,13345,3627,7199,122430,18828,93602,10000,269031
25,Mississippi,2017,15.5,2.2,5,0.526857888,0.521311475,7661,2492,4321,82764,22449,55968,4347,180002
26,Missouri,2017,14,4.2,4.6,0.927744736,0.99543379,32450,6362,22752,173380,30086,123356,19938,408324
27,Montana,2017,13.2,2.2,4,0.788865239,0.98630137,3937,234,3023,27294,3623,21073,2598,61782
28,Nebraska,2017,14.1,7.5,4.4,1.089440395,1.335164835,5979,1020,3726,43856,6513,32064,5279,98437
29,Nevada,2017,12.5,19.9,6.1,1.374159852,1.292553191,16663,4841,9660,78320,20049,45459,12812,187804
30,New Hampshire,2017,13.5,6.2,4.9,2.488050809,2.355704698,2642,441,1569,18550,2554,15087,909,41752
31,New Jersey,2017,13.3,22.8,5.1,3.065205655,2.566878981,20604,7895,10880,140086,23891,104025,12170,319551
32,New Mexico,2017,14.4,9.4,6.1,0.864068003,0.708487085,16300,3732,11180,81865,17872,52284,11709,194942
33,New York,2017,13.6,22.9,5.1,1.753041889,1.555023923,70746,20122,43777,293390,34928,245093,13369,721425
34,North Carolina,2017,14.4,8.1,4.5,0.868624421,0.978070175,38043,9884,25593,265483,65247,184119,16117,604486
35,North Dakota,2017,15.3,4.1,4.4,1.053510681,1.376963351,2133,183,1534,16653,2947,11944,1762,37156
36,Ohio,2017,13.7,4.5,4.9,0.947636378,1.013513514,34621,11224,16823,280557,57521,202320,20716,623782
37,Oklahoma,2017,14.4,5.7,5.1,0.77905568,0.799180328,17989,3007,12519,113611,28749,72546,12316,260737
38,Oregon,2017,12.8,9.9,4.5,1.075779583,1.335025381,11629,2474,7058,122524,17415,88091,17018,266209
39,Pennsylvania,2017,13.4,7,4.6,1.249386189,1.234741784,40030,11777,23295,210316,31925,165434,12957,495734
40,Rhode Island,2017,14.9,13.9,4,1.437871466,1.4,2474,474,1525,18585,3219,13882,1484,41643
41,South Carolina,2017,14.2,4.9,4.2,0.748233668,0.832653061,25412,3884,18572,160368,31165,114931,14272,368604
42,South Dakota,2017,14,3.4,4.5,0.936508193,1.087378641,3753,264,2887,16588,2835,12285,1468,40080
43,Tennessee,2017,13.7,5.2,4.6,0.763395559,0.869198312,43940,7867,32507,198028,38819,140636,18573,480370
44,Texas,2017,14.7,17.1,5.1,1.284940046,1.339901478,123984,32120,75923,723143,133458,521767,67918,1678313
45,Utah,2017,16.5,8.7,4.4,1.623411169,2.11971831,7515,1498,4185,86201,11780,64955,9466,185600
46,Vermont,2017,14.8,4.5,4,1.148179827,1.169902913,1082,100,711,9339,1945,7169,225,20571
47,Virginia,2017,14,12.5,4.4,2.443327485,2.12195122,17811,4331,9984,152515,18524,123812,10179,337156
48,Washington,2017,12.9,14.3,4.8,1.7738123,2.1,22483,5386,13571,235206,43687,162154,29365,511852
49,West Virginia,2017,12.8,1.6,5.2,0.526841218,0.531353135,6564,673,5000,32560,7557,21917,3086,77357
50,Wisconsin,2017,13.8,5,4.5,1.142104578,1.28125,18638,4370,11899,104908,17570,77868,9470,244723
51,Wyoming,2017,13.1,3.5,4.4,1.523310616,1.300518135,1358,98,993,10528,1556,8211,761,23505
52,Puerto Rico,2017,15.1,0,0,0.105508378,0.065436242,,,,,,,,
1,Alabama,2018,14,3.3,4.2,0.819078088,0.759259259,25567,4047,19105,138702,29101,96328,13273,326123
2,Alaska,2018,13.8,8.2,6.1,3.248570973,2.542253521,6555,896,4400,24345,3985,16364,3996,60541
3,Arizona,2018,14,13.4,5.8,1.263504518,1.345549738,34053,6509,23556,192730,31787,141789,19154,449578
4,Arkansas,2018,14.2,4.8,5,0.6757536,0.703007519,16904,1593,12748,89177,19520,62350,7307,209599
5,California,2018,13.7,26.9,6.1,2.261125661,2.296969697,176604,54328,105031,941644,164645,621779,155220,2219251
6,Colorado,2018,13.4,9.6,4.5,1.886201654,2.233766234,22851,3781,14527,154292,21757,110518,22017,349743
7,Connecticut,2018,14.1,14.6,4.9,2.895244645,2.353658537,7485,2205,4321,59356,7983,44181,7192,132723
8,Delaware,2018,12.9,9.4,5,2.037959518,1.579234973,4079,861,2838,22405,3154,17780,1471,52588
9,District of Columbia,2018,12.6,13.9,3.5,2.352955369,2.279792746,6995,2415,3970,30726,1788,26345,2593,74832
10,Florida,2018,12.3,21,5,1.073147054,1.156398104,81980,16884,55551,486017,71933,372919,41165,1126449
11,Georgia,2018,14.5,10.1,4.8,1.188693539,1.29468599,35619,8499,23675,277803,46816,205631,25356,623399
12,Hawaii,2018,12.7,18.7,5.1,2.779021387,2.933823529,3622,951,1922,41027,5709,29600,5718,88549
13,Idaho,2018,14.5,6,4.5,0.841972299,1.09,4196,195,3040,25822,4990,18876,1956,59075
14,Illinois,2018,13.7,14.1,4.7,1.763931461,1.642105263,52343,14251,31084,246679,39317,187517,19845,591036
15,Indiana,2018,14.4,5.3,5,0.996734112,1.092682927,25009,5737,16368,146948,25894,105861,15193,341010
16,Iowa,2018,14.5,5.5,4.5,1.154727041,1.308510638,8303,989,6118,57024,12433,39498,5093,129458
17,Kansas,2018,14.8,7.2,4.1,1.248019763,1.265306122,12861,1420,9655,77449,12792,56726,7931,178834
18,Kentucky,2018,13.9,3.8,4.8,0.723570163,0.823293173,9719,2469,5125,89235,17462,61313,10460,195783
19,Louisiana,2018,13.8,4.2,5.1,0.950185011,0.767857143,25314,4600,18076,152996,31291,110066,11639,353982
20,Maine,2018,12,3.5,4.3,1.014476958,1.078703704,1500,228,802,18201,2712,14712,777,38932
21,Maryland,2018,13.2,15.1,4.6,3.743123267,3.051470588,28330,9716,16132,122945,18910,91887,12148,300068
22,Massachusetts,2018,14.2,17.4,4.2,2.504885623,2.382352941,23424,4084,16737,87658,14095,66968,6595,219561
23,Michigan,2018,14,7,4.9,1.047196897,1.177033493,45176,5638,31082,166186,31834,116876,17476,414268
24,Minnesota,2018,13.1,8.6,4.4,1.871798102,2.135483871,12403,2946,6875,112186,16206,85849,10131,246596
25,Mississippi,2018,15.1,2.4,4.2,0.573915457,0.552188552,7929,1700,5419,71701,20355,46201,5145,158450
26,Missouri,2018,13.6,4.2,4.5,1.010214086,1.079812207,30696,5206,21956,162698,27345,115506,19847,383254
27,Montana,2018,13.3,2.2,4.1,0.85969314,1.014150943,4040,270,3164,26787,3329,20641,2817,61048
28,Nebraska,2018,14.1,7.2,4.5,1.187481592,1.363636364,5583,736,3513,40193,5308,29987,4898,90218
29,Nevada,2018,12.2,19.4,7,1.497107705,1.357894737,16715,3862,10322,73998,17741,44341,11916,178895
30,New Hampshire,2018,13.3,6.1,4.2,2.712114975,2.397350993,2404,342,1463,17201,1908,14396,897,38611
31,New Jersey,2018,13,22.8,4.9,3.339585116,2.718954248,18536,6364,10463,125155,19232,94886,11037,285673
32,New Mexico,2018,13.9,9.5,5.7,0.942734213,0.701438849,17637,2646,13536,70722,16102,44592,10028,175263
33,New York,2018,13.2,22.8,4.9,1.908718399,1.689655172,68512,18191,43182,281543,31158,237243,13142,692971
34,North Carolina,2018,14.1,7.9,4.5,0.945499684,1.078341014,36980,7573,26200,243323,57450,169376,16497,557399
35,North Dakota,2018,14.7,4.7,4.1,1.145436055,1.61452514,2154,158,1569,15621,2742,11088,1791,35123
36,Ohio,2018,13.6,4.8,4.9,1.031591879,1.11627907,34426,9608,18370,257848,49456,188433,19959,578100
37,Oklahoma,2018,14.2,6,5.3,0.847461351,0.912663755,18701,2805,13250,114395,27178,73799,13418,263546
38,Oregon,2018,12.7,10.3,4.7,1.169058977,1.612359551,12146,2515,7431,122401,16515,89191,16695,266894
39,Pennsylvania,2018,13.2,7.2,4.7,1.359567653,1.383084577,39099,9854,23971,190633,27054,150441,13138,454190
40,Rhode Island,2018,14.5,13.2,4.9,1.565381607,1.534313725,2326,453,1363,17625,2817,13270,1538,39392
41,South Carolina,2018,14.3,5.1,4.5,0.814425914,0.918454936,25463,3592,18810,156330,29957,111427,14946,360525
42,South Dakota,2018,13.1,4,4.3,1.019577219,1.178378378,3483,222,2632,15191,2502,11237,1452,36719
43,Tennessee,2018,13.6,5.1,4.9,0.831271499,0.943722944,42687,7222,31946,192897,33538,138710,20649,467649
44,Texas,2018,14.6,17.2,5.2,1.399387144,1.439393939,118197,28339,73433,681143,117897,493238,70008,1582255
45,Utah,2018,16.5,8.6,4.5,1.765473787,2.496124031,7551,1237,4397,76294,10079,58406,7809,165773
46,Vermont,2018,14.3,4.9,4.6,1.24841968,1.371727749,1155,73,745,8211,1496,6451,264,18395
47,Virginia,2018,14,12.5,4.6,2.662651419,2.209876543,17357,3610,10258,142931,15659,116496,10776,317087
48,Washington,2018,12.7,14.7,4.7,1.928610516,2.482758621,23719,5557,14316,223256,40434,154941,27881,490104
49,West Virginia,2018,13.3,1.5,4.6,0.573131978,0.606271777,5411,333,4286,27888,5916,19783,2189,65806
50,Wisconsin,2018,13.6,5.1,4.8,1.243252684,1.412087912,17365,3493,11364,91238,14180,68380,8678,214698
51,Wyoming,2018,12.6,3,3.7,1.656995848,1.491712707,1235,75,885,10308,1551,7974,783,22811
52,Puerto Rico,2018,14.5,0,0,0.114911502,0.075862069,,,,,,,,
